PersonID,Group,Month,Productivity,Burnout
0,Program,1,51.90016791975918,17.988531405390454
0,Program,2,59.836695944722926,6.882978847541554
0,Program,3,56.68270850119746,12.840979633307294
0,Program,4,58.983738439298094,11.076454721647673
0,Program,5,62.839524018865006,6.017214545863991
0,Program,6,69.56220399902305,5.271154889486011
1,Control,1,52.52491681902579,17.53925520573316
1,Control,2,56.07991394971402,13.670678553197334
1,Control,3,53.86770621254691,15.129693147026124
1,Control,4,57.58036487320679,12.730356963988749
1,Control,5,54.867432131556896,11.811215751427147
1,Control,6,58.26152774543041,15.26846139365869
2,Control,1,56.39413255740469,15.164993851480421
2,Control,2,61.195478089206894,4.902205018411011
2,Control,3,57.65047330016729,14.04719024421003
2,Control,4,61.40723165736285,7.688430464877866
2,Control,5,61.09028013098631,9.193657857922366
2,Control,6,59.33352919818183,7.315445430656959
3,Program,1,61.25913485515244,7.752623889108365
3,Program,2,59.557424312009246,9.902616484233702
3,Program,3,60.46673889274703,7.274749517988575
3,Program,4,53.36113453076688,11.229569493793894
3,Program,5,63.72697875046515,13.015806407957948
3,Program,6,65.27213786546665,3.1540482763307964
4,Control,1,73.02640473845435,-1.1653764878641222
4,Control,2,69.95367790097728,1.3073635182150585
4,Control,3,66.60722754385758,6.602331915655148
4,Control,4,71.67817874304444,-2.175268580665005
4,Control,5,66.97754992617908,6.822106675267946
4,Control,6,77.00011228720071,-6.643618870362232
5,Program,1,78.57134866968022,-9.33853506357192
5,Program,2,69.37011105981448,0.49768416753799843
5,Program,3,70.69868615951329,-4.165581591977654
5,Program,4,74.45280165241529,-5.989047599498679
5,Program,5,74.59734433329494,-11.103383856075046
5,Program,6,84.59015063120731,-12.708954768123782
6,Control,1,60.94538863832171,4.806004258252191
6,Control,2,62.24151469742962,6.65077477044694
6,Control,3,65.17639429340406,2.907325549732061
6,Control,4,58.00496113642228,7.9266570430578955
6,Control,5,61.46161429231497,7.424107627295852
6,Control,6,59.53439786432162,11.769485298009553
7,Control,1,63.85864261281374,4.369047930596851
7,Control,2,63.94390691273429,9.946748665445726
7,Control,3,71.76107039561822,0.2471841846107643
7,Control,4,68.33773234115891,3.692154627508746
7,Control,5,66.59378311561983,3.1792264999189728
7,Control,6,64.4481711125413,5.384226537308476
8,Program,1,63.91262971957104,2.3016911881512367
8,Program,2,62.33774400471279,8.65751930960516
8,Program,3,68.07012084108375,6.1136872714028225
8,Program,4,63.95057905444009,-0.7938840320547289
8,Program,5,71.89513222846111,-6.464329333838735
8,Program,6,68.68420040115869,4.947903638519137
9,Program,1,80.55772510625786,-12.149931781136283
9,Program,2,84.61294535183855,-18.712512935092086
9,Program,3,90.69580760270468,-19.254984584979884
9,Program,4,91.62010604918734,-24.561707403536353
9,Program,5,92.54601521393815,-18.475875011858424
9,Program,6,97.12819630018052,-28.968869191571773
10,Control,1,68.65914193775536,2.4068191722559087
10,Control,2,68.54972357082211,1.4562139353165695
10,Control,3,65.4970247154057,2.4746002419777953
10,Control,4,64.61274666309534,1.1101040438027914
10,Control,5,67.61168491527195,0.09920484468794255
10,Control,6,67.14138832114088,-0.7496105251249823
11,Control,1,56.46900991616568,14.617560086687597
11,Control,2,58.87131019016057,11.9795990813438
11,Control,3,53.04682045623304,15.866332858507787
11,Control,4,53.930618911377685,16.698547259552118
11,Control,5,52.20256867559211,12.30015342422216
11,Control,6,57.36712795098852,8.6233103991444
12,Control,1,70.3765251819242,1.6871950272003269
12,Control,2,69.21980262437653,-0.8473504781246071
12,Control,3,68.11659343297592,1.5267381302097291
12,Control,4,57.32742075797063,11.533294287059181
12,Control,5,64.82052812753935,3.6040577253877757
12,Control,6,66.75186345120572,3.7128013119703356
13,Program,1,52.118190542176826,19.610164474334923
13,Program,2,57.49810754657927,8.883689388891097
13,Program,3,59.38456370792648,14.479405915628625
13,Program,4,57.21403788237739,14.459760989824638
13,Program,5,57.62660239280608,12.67190476666331
13,Program,6,66.7394991650851,5.2823022972953915
14,Program,1,61.904508004239155,1.6005396954265354
14,Program,2,63.12396877546283,9.509761786663935
14,Program,3,65.75974401627538,4.782453240069255
14,Program,4,72.88011511672187,1.7543261117584406
14,Program,5,73.04558372778668,-8.398413383678609
14,Program,6,77.44652035456485,-13.382325558758733
15,Program,1,54.888242977033045,17.305220179249126
15,Program,2,61.33441651999938,12.07952066028281
15,Program,3,65.46143712467392,2.2913656674895
15,Program,4,70.69730889184268,-3.119501936430163
15,Program,5,60.15713981984845,16.03424683334009
15,Program,6,62.72468634246105,9.184552234476909
16,Program,1,60.4379403728052,15.052768448252348
16,Program,2,69.73635676684432,-2.646467633998947
16,Program,3,70.25501777582984,-3.585843587134127
16,Program,4,67.35967685291746,6.201172230409198
16,Program,5,64.43189595345774,11.61900450399967
16,Program,6,77.09589430966989,-9.003397685657854
17,Program,1,75.95587462723097,-4.705380527508151
17,Program,2,76.31386953073775,-8.812290999249056
17,Program,3,78.4270209758868,-7.362000415060984
17,Program,4,82.43923592139606,-10.764770428114701
17,Program,5,89.62545132591602,-22.075510957833405
17,Program,6,82.69403309318693,-12.536959535305462
18,Control,1,64.53602304576422,6.542717912135033
18,Control,2,67.42066552158308,2.276532956006526
18,Control,3,69.21424388727796,0.25120022449719603
18,Control,4,69.09787868968442,-2.1880179926356416
18,Control,5,71.59720699941248,-0.5013814064394198
18,Control,6,73.00587511583024,-2.954367458505707
19,Control,1,69.02850846076876,-0.07012100819082989
19,Control,2,62.845525908998546,8.007400890997848
19,Control,3,64.91609464593502,-0.6156786037820616
19,Control,4,71.04869172555378,-0.9906077430560107
19,Control,5,69.39275665348408,-2.911506346324594
19,Control,6,72.1000590219238,-3.864847440110718
20,Control,1,61.52322784599195,10.069699526255228
20,Control,2,45.97334532396887,21.896024393094187
20,Control,3,56.80430451541968,9.89356331550264
20,Control,4,57.98485950996284,12.68617845905141
20,Control,5,57.91876212251692,16.63492283311753
20,Control,6,48.89237414880254,24.743745663038865
21,Control,1,67.21573422284126,2.3791800884867556
21,Control,2,74.71267514864199,-5.273645868856226
21,Control,3,64.65234239220503,6.27666102226809
21,Control,4,67.80076089321561,-1.3853955586031415
21,Control,5,71.58107790290188,-4.22713993885031
21,Control,6,68.21056728512997,0.34683943677991325
22,Control,1,60.04316378092451,14.92692367345693
22,Control,2,44.67591406945348,28.563483091630797
22,Control,3,50.35471229935397,18.50453499520774
22,Control,4,41.31112031300446,30.5972895261387
22,Control,5,52.235324948513906,19.07171520257053
22,Control,6,53.90142648347377,19.399078725441967
23,Program,1,52.17072767681424,17.160421853849257
23,Program,2,64.28845435885742,5.444351784712506
23,Program,3,65.13292551364012,1.5625756061846694
23,Program,4,59.88035196884307,12.77681045115634
23,Program,5,69.21439231383226,0.6940811363435131
23,Program,6,74.37418497720388,-7.2277563514670735
24,Control,1,61.65187262568602,10.50239869083117
24,Control,2,64.41512250193217,3.6013326820697222
24,Control,3,65.8936906943819,-1.9405738075995096
24,Control,4,63.86069959243307,4.865897910311954
24,Control,5,62.50083163878134,5.505112673569811
24,Control,6,63.65926056948336,6.646733935035626
25,Control,1,43.6817933034415,20.597069833541447
25,Control,2,40.43731625375092,25.38794553851674
25,Control,3,49.02440815935718,23.142436887134675
25,Control,4,42.83618056479605,24.797467161506717
25,Control,5,41.28236243265522,29.913737747006053
25,Control,6,40.86102871367681,23.294346659440475
26,Control,1,63.05789924514851,5.1729914281845275
26,Control,2,61.70373664694005,6.104052632951496
26,Control,3,70.22317899718232,-1.7391656827898498
26,Control,4,66.89361442658111,3.093857245519423
26,Control,5,73.41404714443219,-7.605308858859161
26,Control,6,71.40170598030936,-1.728708743065928
27,Control,1,60.451098482673224,9.14196790166122
27,Control,2,68.47845244240867,-1.671602371160425
27,Control,3,56.18815212881516,11.873315953866392
27,Control,4,57.85300569802815,10.377706903725059
27,Control,5,64.531139318943,7.784792968064046
27,Control,6,69.98618050771276,-2.1962030224520612
28,Control,1,52.80758572755025,16.46794108955577
28,Control,2,58.0730313444584,9.440024753199538
28,Control,3,62.084548508047966,10.619668361135835
28,Control,4,51.99583384913649,13.57604932028196
28,Control,5,64.69772203943447,4.265257215671576
28,Control,6,54.79218378430931,17.3807571507616
29,Control,1,45.712769610784015,24.872805763071263
29,Control,2,39.02795424925696,34.074961928483376
29,Control,3,40.328625227845905,28.90357681241707
29,Control,4,54.219644912057355,17.566956616101397
29,Control,5,53.61768381730412,16.57449223841402
29,Control,6,49.77471106276975,17.494314475009126
30,Program,1,62.534648551081716,6.708778845122406
30,Program,2,59.77303225962179,5.45609045835171
30,Program,3,66.70082361383051,3.7709671218943845
30,Program,4,70.01661023165408,-3.5421922014748795
30,Program,5,76.8134366816744,-10.154354984134363
30,Program,6,72.00657048696924,-0.4028902106037302
31,Program,1,55.7357673841567,16.627628990765498
31,Program,2,53.55815757992256,15.580368722615555
31,Program,3,52.6694860069897,20.249192356989713
31,Program,4,61.2520090179823,10.21745739341348
31,Program,5,69.26826993531733,3.9703676010444315
31,Program,6,64.8583315621668,7.504724462672419
32,Program,1,62.31296062083545,9.757882881634995
32,Program,2,55.30244744466608,14.251090751038683
32,Program,3,66.81640091757859,0.39894570385060346
32,Program,4,62.521926032250555,12.64902065684037
32,Program,5,62.480033668417,7.5045609726532225
32,Program,6,73.20743296213266,0.3099473415217666
33,Program,1,59.34324717809762,8.781249135484845
33,Program,2,65.7574654177227,3.6114789793600943
33,Program,3,60.560622340283466,8.919091782308753
33,Program,4,66.41219837607181,2.298231484557677
33,Program,5,62.01722973176774,8.225746385903923
33,Program,6,67.34584272837735,1.900706951540046
34,Control,1,60.692603654609194,10.647114507327583
34,Control,2,65.4513230659345,9.073359500482553
34,Control,3,62.26912733243112,6.20376576033848
34,Control,4,58.15810569105585,10.871245022833879
34,Control,5,66.586905405645,8.721926450482329
34,Control,6,68.19343788883107,0.15558160306264712
35,Control,1,78.01632662175369,-10.506708092604557
35,Control,2,71.9262811838549,-3.0250387685840625
35,Control,3,73.42791475016654,-2.112974828122138
35,Control,4,75.0289905506384,-13.413344835902143
35,Control,5,68.88415763969324,-1.848713294487863
35,Control,6,71.35653766764139,-3.528135010796529
36,Program,1,61.58343933957372,5.79409941127618
36,Program,2,62.23908113007129,2.962976030132838
36,Program,3,68.51019213539959,0.30522299698639177
36,Program,4,68.75440724992305,0.7669022233742004
36,Program,5,75.2163324778721,-5.951203474342979
36,Program,6,59.06848080001172,12.956737970857608
37,Control,1,80.97495138833524,-9.56356846198017
37,Control,2,81.74771312807607,-13.30330207224854
37,Control,3,84.24667642062312,-15.808639555918933
37,Control,4,78.32098438687528,-6.9357438808248215
37,Control,5,87.8445396677801,-14.830489596780629
37,Control,6,85.30625614166937,-14.194306307492914
38,Program,1,63.410541050791345,3.063787904108098
38,Program,2,68.10325197184083,-1.0039708477516767
38,Program,3,67.30022964969139,5.355593085193451
38,Program,4,73.44323435690217,-6.736513699455953
38,Program,5,73.14238734972885,-8.662997639790781
38,Program,6,75.7022109759236,-6.991508374013007
39,Control,1,58.68169942873143,5.689320783177095
39,Control,2,54.99472969533726,14.0643666887591
39,Control,3,50.16033177517429,21.33426685785184
39,Control,4,48.88770737686686,22.003126751253713
39,Control,5,59.83606270873776,10.69400533687163
39,Control,6,51.57773719864923,13.0843366587833
40,Program,1,55.967732119048236,17.55878471984329
40,Program,2,59.97423958409508,12.640292146039062
40,Program,3,61.44533762798884,8.909752461061814
40,Program,4,55.39825442368395,17.036948800678584
40,Program,5,65.74664704916422,1.6788294419851297
40,Program,6,65.09300800190192,2.0977068308361098
41,Control,1,69.44817684511244,2.9603054654056997
41,Control,2,68.06113147537252,3.357064732928359
41,Control,3,66.68356507796469,4.733583727443394
41,Control,4,66.28017033916329,3.2015419351876777
41,Control,5,70.79033789413421,8.089688788160837
41,Control,6,67.45691054159595,6.141665081390023
42,Program,1,61.10177194372611,8.146643509788362
42,Program,2,63.79169328275192,6.656826779070421
42,Program,3,69.4658118969919,-0.09709750507048409
42,Program,4,72.99524459528361,-5.440531899296932
42,Program,5,64.72921363242044,8.110456652851603
42,Program,6,72.95488354372186,-3.712531386255095
43,Control,1,63.10725209403934,4.4004618777604065
43,Control,2,58.83011904328664,13.016227684614405
43,Control,3,66.12595428481204,-1.951894527197398
43,Control,4,59.8617447506377,11.014208239412147
43,Control,5,69.13066989536293,-1.1285508605284198
43,Control,6,64.61450123547485,1.145458898156103
44,Program,1,65.49130750159638,4.854517278535287
44,Program,2,77.53793638231791,-4.791691732392972
44,Program,3,73.69165948392593,-3.752876507330711
44,Program,4,65.29625126900503,7.236073615998848
44,Program,5,72.83355856329794,-4.442817346261074
44,Program,6,84.50529338295928,-13.311165451209602
45,Program,1,63.24520208978911,7.065086689065976
45,Program,2,72.4846537114677,-8.31238554738213
45,Program,3,65.44649702867075,5.855065613765833
45,Program,4,71.77304356870546,-3.4489406605001904
45,Program,5,75.42618045763528,-3.7928032668565645
45,Program,6,79.50492651309122,-15.119961803281765
46,Program,1,68.97940156460227,-3.536778224209007
46,Program,2,68.38652271298938,-2.5921699313476125
46,Program,3,69.95472547513255,-4.400329066778414
46,Program,4,82.87470032066378,-11.53737891976036
46,Program,5,75.5017563963028,-7.642816473613587
46,Program,6,82.56859027226945,-13.901917260111503
47,Program,1,58.03136949579638,16.235430881459557
47,Program,2,54.382607629210696,20.592666720606495
47,Program,3,58.43302035044399,14.941843396375042
47,Program,4,58.62139627967852,14.256116179040816
47,Program,5,57.75095291264257,14.117094558156943
47,Program,6,61.6873534575441,7.9209671514024524
48,Program,1,48.501148075523325,20.71136296121331
48,Program,2,63.96466383312544,11.193689107532482
48,Program,3,49.67706867305375,17.53935074452238
48,Program,4,63.02114316391713,7.157278631348735
48,Program,5,54.51284157143877,17.17712646471272
48,Program,6,59.13784363081383,7.493897450338956
49,Control,1,54.689887638142615,19.283630112098606
49,Control,2,46.199469072746254,20.12085440500111
49,Control,3,51.841391041723064,22.124181823154316
49,Control,4,51.47383957062002,19.85778921404524
49,Control,5,48.968841543723045,23.2741966558309
49,Control,6,57.91671161855956,11.2390214544745
50,Program,1,69.65040717523819,4.1889532068579145
50,Program,2,66.53430705703275,2.7628155649438444
50,Program,3,65.71959933520306,0.8981146666056476
50,Program,4,73.34837909226857,-2.08872467986785
50,Program,5,78.37463879791729,-5.203319519125534
50,Program,6,75.33225076542882,-2.084444421882278
51,Program,1,66.93465617890709,3.6133872308333057
51,Program,2,77.72751020687762,-7.42179610036995
51,Program,3,76.10594488134927,-7.925990222005831
51,Program,4,83.10581250877027,-19.854706166078362
51,Program,5,72.74244281965301,-5.903975254995307
51,Program,6,85.75894510394869,-14.701501710217471
52,Control,1,79.23177767237338,-13.61864662015209
52,Control,2,71.55795833016099,-3.7421026722196666
52,Control,3,78.92040588618286,-10.12359754644814
52,Control,4,83.7434438023737,-13.399882802001349
52,Control,5,78.1359802673373,-6.318542518590068
52,Control,6,78.32588328158322,-13.790773958705739
53,Program,1,70.36087711063035,-4.787371603976984
53,Program,2,67.82569919360957,5.583662620665622
53,Program,3,75.95603046121957,-6.088668173626018
53,Program,4,64.32967902613011,4.400596440534073
53,Program,5,71.52903832487782,0.9497188830621344
53,Program,6,74.64254697445716,-6.589595125303823
54,Control,1,61.81199595948263,9.940401113755387
54,Control,2,68.74586397391721,5.4927889879041345
54,Control,3,73.22441285831003,-3.5584280559192325
54,Control,4,74.21409563532085,-0.38354074904080315
54,Control,5,73.15149820075794,-7.315296733290417
54,Control,6,68.41006259208949,-0.749103636419886
55,Program,1,61.52413228131122,12.356178130945164
55,Program,2,60.398372886222845,7.00146781981022
55,Program,3,69.66815982980708,6.824656360227198
55,Program,4,69.30467241878468,3.368881865657609
55,Program,5,66.87393813010418,-0.8494409533488274
55,Program,6,69.86565515076768,4.635301231730943
56,Control,1,57.75828760472614,4.414339554332967
56,Control,2,62.3770766413041,8.292480675340288
56,Control,3,64.9305003944207,6.567291671612433
56,Control,4,62.26189955510098,9.208430447574372
56,Control,5,58.72989229716518,9.745462137432607
56,Control,6,59.24519569036988,15.125303195044822
57,Program,1,55.40835043627794,16.966322966597087
57,Program,2,62.025079119288826,4.307262409919204
57,Program,3,62.14809882641963,8.710494146323606
57,Program,4,58.04287723111972,12.819999975721904
57,Program,5,65.90470799295103,9.132694289259554
57,Program,6,74.91182216397128,-8.454142373007606
58,Program,1,68.3412977891666,-1.5269619944744672
58,Program,2,82.69210041278522,-14.610890705326474
58,Program,3,67.9925681570507,1.006344297228437
58,Program,4,76.53139001682932,-5.951880018688869
58,Program,5,81.12978840438322,-11.392650753680828
58,Program,6,83.6048174518766,-10.696147031007623
59,Program,1,66.2669534684367,8.436643970848383
59,Program,2,67.94894988456302,3.9355289101431925
59,Program,3,73.37117219707898,-2.6533745969175015
59,Program,4,70.79759948981498,1.1780632241066644
59,Program,5,82.74113265965772,-12.89768353567249
59,Program,6,74.62762154037641,-8.501742595106851
60,Program,1,44.662168562626654,22.89553253859902
60,Program,2,50.608359654813064,16.293088731491324
60,Program,3,57.097346834017756,11.787646583033645
60,Program,4,53.6246749356076,16.302371682702237
60,Program,5,56.15210761513463,17.225272847891546
60,Program,6,54.34499662270501,17.019167028081686
61,Control,1,65.72695385420928,3.5215042787411566
61,Control,2,72.47796854725905,-2.4663471430579156
61,Control,3,73.89020990578044,-5.9235698977080595
61,Control,4,66.72183538915122,3.3870511202002898
61,Control,5,72.83695826383526,-2.117683221167588
61,Control,6,72.42292990868731,-7.422775704089953
62,Program,1,58.95952576774121,12.68414196674566
62,Program,2,69.82761785970527,0.33219284388228504
62,Program,3,69.61529791310039,2.455017277563693
62,Program,4,63.90288488158838,9.783049761525357
62,Program,5,67.81862954409041,1.6572847744604091
62,Program,6,75.05153740341916,-5.229078925608052
63,Program,1,69.78692078410182,-2.0441546008111002
63,Program,2,73.89347386818878,-1.5194036296876092
63,Program,3,76.10679852733927,-6.498736669310317
63,Program,4,74.07577107407516,-7.553283695619439
63,Program,5,79.87105726339504,-16.278435999169048
63,Program,6,77.28858002124741,-8.308101268342977
64,Control,1,53.16282888014542,11.267001106961278
64,Control,2,46.32167550085311,25.850345310943716
64,Control,3,54.07200433169234,9.734919367904546
64,Control,4,56.86241465780111,15.190551427568163
64,Control,5,60.364298106539195,12.209674228006511
64,Control,6,58.02096534754004,10.233159302967465
65,Control,1,60.171757996556096,9.989107883782347
65,Control,2,79.4893508523631,-6.965749310901202
65,Control,3,79.82071996401041,-8.211178783848487
65,Control,4,72.40519872285341,-4.852119453212572
65,Control,5,72.03573665533563,2.6667094352296283
65,Control,6,74.19920233478916,-2.759666898889699
66,Control,1,49.819411432154524,23.42377976106096
66,Control,2,60.3099178072449,6.4526801161211385
66,Control,3,59.8445572347374,14.959601200611779
66,Control,4,62.64563257457281,6.634453058208692
66,Control,5,63.2060876106962,3.262656108715277
66,Control,6,54.941488255977895,10.041997471182103
67,Program,1,69.66299586419045,-0.6272006804633892
67,Program,2,73.39739546840552,0.7725272803784886
67,Program,3,78.66748809829329,-11.123055746990392
67,Program,4,77.03871421983385,-3.4418934398237266
67,Program,5,83.18396809660445,-12.298420314637584
67,Program,6,86.25684554204632,-11.498505801617217
68,Control,1,78.72900786802188,-3.2534068542301657
68,Control,2,75.06300627490138,-4.854073294117576
68,Control,3,75.66350185403051,-8.788273411705857
68,Control,4,70.12437566024086,0.07139583879634492
68,Control,5,64.77906806769221,4.051792589376406
68,Control,6,66.9626909442942,4.342726109110736
69,Control,1,60.67729027450256,4.759366751404246
69,Control,2,60.0761484211422,12.880244293831788
69,Control,3,64.08842520263936,8.58281099118379
69,Control,4,66.41385429757081,-0.3151535270476309
69,Control,5,69.43383289243687,3.4257509832672968
69,Control,6,59.04924072447393,5.15192385128614
70,Control,1,67.60875986712969,3.53374306864224
70,Control,2,57.95935753570063,7.553064974440204
70,Control,3,64.56418257110387,5.14482558127096
70,Control,4,63.81680460856374,8.089724137155967
70,Control,5,60.3906244369534,6.084338727831947
70,Control,6,70.26173197216299,-0.016337629546123084
71,Program,1,69.05862638654713,4.083968584849248
71,Program,2,60.52701939162061,6.757255904105083
71,Program,3,63.81496149853321,6.284124722956411
71,Program,4,73.19622707699423,-0.15168689002991353
71,Program,5,74.43104422579424,-1.1675414931987596
71,Program,6,76.58565215762943,-4.3755833941416356
72,Program,1,60.97472302773644,5.995170191718832
72,Program,2,57.81202628202733,8.886310420626256
72,Program,3,60.79581069162575,8.02782941019722
72,Program,4,58.636337033915844,4.213881685095196
72,Program,5,65.00955475257197,5.6331632170548485
72,Program,6,64.5576622064311,1.6092260129485814
73,Program,1,60.17434177467085,11.527897135177685
73,Program,2,62.971356800976984,12.79533917393712
73,Program,3,60.994582599567224,10.544350883774591
73,Program,4,68.96754960384551,2.8965433969776084
73,Program,5,64.74036770129905,6.276191463215803
73,Program,6,70.36121853281415,-0.9398090815005053
74,Program,1,72.57346877998731,0.2803299638819481
74,Program,2,72.29771353800794,-4.5069879568430675
74,Program,3,71.36926458543537,-2.378197680398749
74,Program,4,78.9269545408379,-5.346211312889157
74,Program,5,71.26978533135205,-0.7794524953915827
74,Program,6,79.3700490368965,-2.841478796075563
75,Program,1,57.38802981538175,17.369288847644427
75,Program,2,59.16763091842442,5.994074338548166
75,Program,3,54.96513597764572,13.736930977573609
75,Program,4,62.76632384048326,12.298833549171176
75,Program,5,57.11234190164944,13.003639154926633
75,Program,6,63.996719113840435,4.537911174586354
76,Control,1,65.85011990852696,2.4414540087483165
76,Control,2,62.46057519401019,11.707204306737045
76,Control,3,70.12337693273574,2.3025798236170374
76,Control,4,67.37816099101117,-1.6228062409656836
76,Control,5,68.66693594665867,5.5974772400628385
76,Control,6,68.57987198811908,7.3543916262712745
77,Program,1,69.28511892674048,1.083662991709014
77,Program,2,64.52270991285008,1.0336278363752474
77,Program,3,76.62077424357385,-3.996824001907871
77,Program,4,67.25979371493135,6.291723431639227
77,Program,5,76.63964556251561,-7.590922890105671
77,Program,6,74.28554802362515,-1.737724426775436
78,Program,1,68.27616259439453,4.575728559281799
78,Program,2,67.67006484444948,-1.0148071387600721
78,Program,3,63.766365552080984,14.236135867928512
78,Program,4,66.30976761071481,3.5861905446691384
78,Program,5,70.60000582232323,0.44400338487176705
78,Program,6,76.4949065895932,-3.6470016973069974
79,Control,1,62.38930132664282,3.625370938575947
79,Control,2,62.64755439167365,7.539055903739266
79,Control,3,59.24143422111359,8.088062862385431
79,Control,4,65.40220378651048,0.8290806185412487
79,Control,5,61.22895869990375,6.288886665987967
79,Control,6,61.111683367446986,10.723059950761996
80,Program,1,55.035420831245034,9.827378195372948
80,Program,2,61.267774565016154,12.354963619695466
80,Program,3,60.683468266331126,6.36730911988199
80,Program,4,63.35747491124314,8.200563511740803
80,Program,5,65.66525299961773,5.927994961782662
80,Program,6,69.620223101473,2.9300307632860783
81,Program,1,57.65805282030465,9.572466879190294
81,Program,2,68.39421788581751,2.926240954842652
81,Program,3,65.34674840047961,3.652184656450286
81,Program,4,68.84435811762401,2.7351647490846944
81,Program,5,61.970865636918134,13.639607871855318
81,Program,6,72.10656363501359,1.5964872054456798
82,Program,1,58.049433058809356,14.042528349357678
82,Program,2,62.208566759471616,7.203901097277402
82,Program,3,62.90834291040161,7.534736860883493
82,Program,4,70.16963891563725,-2.513447083630285
82,Program,5,69.40245476010926,1.8735960455223535
82,Program,6,78.54221846002825,-12.065875925467939
83,Program,1,51.24926472068684,23.84008686332674
83,Program,2,46.521541686792894,22.663486682207786
83,Program,3,55.693850278623344,18.989362473516827
83,Program,4,57.965282081413996,5.004041124230561
83,Program,5,52.923896837371984,7.309557452061938
83,Program,6,58.72239808058984,11.44444897219983
84,Control,1,60.28505640056842,11.94055204968019
84,Control,2,64.00738277105248,8.967680409253585
84,Control,3,64.42700627440675,10.23987817047078
84,Control,4,64.90934155618837,3.3239011575488204
84,Control,5,61.798679253818264,12.97029605217224
84,Control,6,64.35239809955812,5.137393560042754
85,Control,1,55.387351698349086,15.036320301967656
85,Control,2,62.76004741016499,2.9752338717718425
85,Control,3,56.520088292281066,11.172344653699435
85,Control,4,61.04044878631494,12.696439942934443
85,Control,5,60.71936758831696,9.33368867833799
85,Control,6,63.02485488332671,3.891480677057435
86,Program,1,61.941671140687575,2.270488391577649
86,Program,2,63.36809852170356,6.934360910550601
86,Program,3,75.16516004685579,-2.2030309498810494
86,Program,4,70.88604387816441,3.5507045735605764
86,Program,5,68.75717075749486,1.1413870774804848
86,Program,6,71.51216332174512,-5.916994807736431
87,Program,1,55.87233083690987,13.847555134869415
87,Program,2,56.6574755289502,10.425257869567048
87,Program,3,60.35625582324747,12.725487815299397
87,Program,4,58.67895999304899,8.925432276019581
87,Program,5,58.18393598996126,12.269846883350459
87,Program,6,61.8764261572338,7.809237192408316
88,Control,1,69.72136899080319,2.9397606451838083
88,Control,2,71.68288727723605,-4.4513343175599625
88,Control,3,68.01879702212278,-3.967656713782226
88,Control,4,71.98033414349179,-1.9156182454785111
88,Control,5,66.02515965309364,7.154523475017185
88,Control,6,65.15620710169273,6.3329579533388145
89,Control,1,55.89229257024365,13.028337335625817
89,Control,2,50.43772565973789,20.355466328405445
89,Control,3,50.779753733892306,26.332289339897113
89,Control,4,47.93877878517494,22.2481868791997
89,Control,5,48.97206229548005,18.382263871739365
89,Control,6,49.868821227649086,25.761938958699268
90,Program,1,52.03665129539703,17.573727473046773
90,Program,2,65.72325780413685,2.2515147817921806
90,Program,3,59.98281183553544,7.524548174840062
90,Program,4,62.09872403720836,3.211285113844637
90,Program,5,73.94160580910693,-7.058413377051421
90,Program,6,67.6404808573759,0.8783619953777451
91,Program,1,44.57494521238929,24.87705791060147
91,Program,2,56.45576951757377,13.88036381101269
91,Program,3,46.414716058437065,23.23359343531249
91,Program,4,49.68715229517145,20.39231094981282
91,Program,5,55.41190708128202,14.843037360131385
91,Program,6,57.09944823178644,11.267172964529724
92,Program,1,64.98881434190264,3.300936507199973
92,Program,2,69.16604342312453,6.410596382352386
92,Program,3,70.64137552445195,0.3135019645803343
92,Program,4,73.1841730879117,-3.106409598343991
92,Program,5,76.84506181825348,-7.539603387403752
92,Program,6,71.44595609987405,-1.5781495762459232
93,Control,1,70.63877586124958,0.7915764749284533
93,Control,2,67.77936358763043,5.2485650702095095
93,Control,3,69.16337350729414,3.5965777248218087
93,Control,4,73.57711203656429,-1.0408370291942286
93,Control,5,66.74856978037775,3.3638467364137177
93,Control,6,79.0379840771889,-5.0090378733667
94,Control,1,66.74646450442422,3.4303231250151036
94,Control,2,60.722043250468985,7.049740919704586
94,Control,3,59.73119750482232,9.146207695100022
94,Control,4,71.94059568257504,1.6242938960655944
94,Control,5,68.43661494688071,-1.9891065646142216
94,Control,6,67.02795062124575,4.099599404744458
95,Control,1,56.554279485782835,14.977072416387283
95,Control,2,60.750639218891024,4.417890138137957
95,Control,3,61.35190421590117,7.994016940207394
95,Control,4,55.49262978938556,13.336421895204953
95,Control,5,61.90447881648806,13.370818237160075
95,Control,6,59.828448037055296,11.842263178411333
96,Program,1,72.47135118070499,-0.8069915195015853
96,Program,2,70.97275087299948,-2.743011271734891
96,Program,3,78.26343014014103,-2.638670557324695
96,Program,4,79.88187089897218,-9.278249074475642
96,Program,5,78.19803266758912,-15.052992788586332
96,Program,6,79.04271381119962,-9.140096916247888
97,Control,1,52.990877634819846,19.51540179090225
97,Control,2,54.51676467819685,18.193644934569775
97,Control,3,56.31587212921636,14.796964413720035
97,Control,4,51.69689030969876,22.641551577222078
97,Control,5,55.63766661993098,14.09263236692732
97,Control,6,51.76447717406312,14.013940168295967
98,Program,1,44.65332846395413,26.860860372648286
98,Program,2,44.77470530079323,26.235700999461695
98,Program,3,48.920283145932174,17.43655676022408
98,Program,4,44.73491850055487,30.26524496451283
98,Program,5,50.80760685364512,22.8518666233851
98,Program,6,56.34331842743487,16.48524033160124
99,Program,1,50.44732720922752,18.51491168562204
99,Program,2,55.778227798578776,14.443630380459501
99,Program,3,60.15497090809446,8.784634065386829
99,Program,4,57.76031780829314,14.041575216831827
99,Program,5,62.384708295779916,10.898065340833082
99,Program,6,62.133295545939234,7.571702212129865
100,Control,1,60.77723677476059,8.219831831465404
100,Control,2,65.84242402361096,-1.5890465786464025
100,Control,3,61.89556511477273,8.175749982495836
100,Control,4,67.62992810509022,4.70697076427635
100,Control,5,67.80683853650262,1.9873866388464334
100,Control,6,68.1773829455804,4.943498655608817
101,Program,1,49.598492514627964,19.595172334080438
101,Program,2,64.06527660737768,1.8448010526609107
101,Program,3,63.794211099549926,7.506625622229985
101,Program,4,66.60044173098339,6.6895794731100615
101,Program,5,73.11282791627184,-3.388166401556898
101,Program,6,63.44400056416093,4.099588598682757
102,Control,1,66.26766188078456,2.4705252278355037
102,Control,2,63.84343866683804,6.559261353580168
102,Control,3,67.05785534493046,10.896453719383123
102,Control,4,70.86990609768881,-2.1963366727228477
102,Control,5,67.83252561934214,1.3032028644038416
102,Control,6,69.68068905706816,1.1447806320993963
103,Control,1,62.86424486134319,9.35118616083868
103,Control,2,69.94550877744739,-0.9116579251079913
103,Control,3,63.92977411919292,6.701499655613867
103,Control,4,64.87314551773994,4.59947889466768
103,Control,5,69.3417867366188,-1.492410161869321
103,Control,6,68.51006016982038,0.5646940790890708
104,Control,1,45.73540163188993,20.430038420435746
104,Control,2,45.44466958336456,24.638843602179207
104,Control,3,42.82817272988396,18.782346237553508
104,Control,4,52.90453776234535,17.929514995779385
104,Control,5,45.344320712277195,26.082088288164503
104,Control,6,44.866954531564815,25.3337443295809
105,Control,1,60.66138683626132,5.947400039339737
105,Control,2,55.22812024064005,13.970103874650697
105,Control,3,60.2359652048574,11.008407559773541
105,Control,4,62.413951247237954,4.60569949529526
105,Control,5,60.24201627010811,12.37962385554949
105,Control,6,65.85362311224664,1.0106691632418947
106,Control,1,60.833254460060196,8.721431518755264
106,Control,2,68.06169820748157,10.114837875725726
106,Control,3,68.34119698367846,1.1462949234488091
106,Control,4,67.77439948490382,-0.6093588954463103
106,Control,5,71.57537472181001,4.488760490803399
106,Control,6,68.79092877478455,-2.5448468711593
107,Program,1,60.806444545191894,9.924746315804251
107,Program,2,61.03725494178458,14.993951269585457
107,Program,3,60.5668169140486,12.997800884946974
107,Program,4,57.03801387989519,10.32860080282819
107,Program,5,68.52508779678944,0.9917778032452247
107,Program,6,80.9124253221221,-3.1740575219728804
108,Control,1,64.18490033061555,2.80240711752998
108,Control,2,69.97775709031791,-3.0209213118421587
108,Control,3,75.39984032694606,-1.925232491321034
108,Control,4,75.74819831668194,-2.5362331930745614
108,Control,5,75.11007628156234,0.5698989815061539
108,Control,6,73.35601159028226,-1.3104713792217924
109,Program,1,51.14350289870184,19.613154904395103
109,Program,2,54.19788285912016,10.558575207884742
109,Program,3,60.918278724237005,12.116690943595199
109,Program,4,58.74211883924354,15.7105303884289
109,Program,5,65.71738377529314,7.840108706134742
109,Program,6,56.46244409076685,14.219221536792078
110,Control,1,62.566286976911755,5.792079256339596
110,Control,2,64.95715100743868,1.6795742307003705
110,Control,3,64.47620020562277,3.6913547935014317
110,Control,4,72.73399234565662,-8.073199358184029
110,Control,5,65.82086813005883,5.800642429516705
110,Control,6,77.19907672156168,-13.875002860360796
111,Control,1,64.78817816677049,6.179780963549725
111,Control,2,76.12042619992535,-6.012814005105783
111,Control,3,72.1905668809586,-0.49073493637451304
111,Control,4,78.95499857095919,-9.141220557194602
111,Control,5,68.04350046601085,0.2751019318790673
111,Control,6,73.56030915160105,-8.952051264961284
112,Program,1,66.43447511243893,4.042802199412177
112,Program,2,72.81477953146045,-3.3010278470966803
112,Program,3,63.79586925453217,5.715433802341535
112,Program,4,76.91378944680682,-4.171493177013396
112,Program,5,67.63864840114034,-0.7154376547416401
112,Program,6,72.43158717645169,4.107396067766007
113,Program,1,65.83643552963738,6.380430738084805
113,Program,2,67.0148453068381,-1.5422185453225543
113,Program,3,70.90717107692821,0.8943549275840106
113,Program,4,75.19757778788458,-5.006519342328006
113,Program,5,78.64865356461603,0.2575618341635373
113,Program,6,73.79190742188037,-7.46607799272976
114,Program,1,69.0200904834937,3.0242407143553267
114,Program,2,63.62452590167344,4.26482888893036
114,Program,3,63.27262905934493,0.1492771659815535
114,Program,4,73.90495416594875,-3.593392829252611
114,Program,5,71.31441621655688,-7.662412921800836
114,Program,6,64.56787776829086,6.106908681383586
115,Program,1,64.51111123335235,6.02249069180122
115,Program,2,69.62277707337469,2.2719437052502798
115,Program,3,66.0722506519029,7.158887810123396
115,Program,4,72.5390759645389,-0.6113036737581026
115,Program,5,73.26361185841876,-7.157543105217364
115,Program,6,75.88533621335591,-8.74844546628495
116,Control,1,61.971944275550875,9.97239897914701
116,Control,2,53.18021209735824,19.783206701867346
116,Control,3,49.66009610583164,17.756827745936082
116,Control,4,56.00225513734774,13.350717083304586
116,Control,5,48.93352032781404,17.53391613061193
116,Control,6,53.99295381482703,18.10900251562584
117,Program,1,68.54471254573308,-0.07904435780058261
117,Program,2,69.65403964686493,-2.2007079858393417
117,Program,3,68.5542683992344,1.5406743422481752
117,Program,4,75.49791936916274,-12.753977038474334
117,Program,5,76.74452712287129,-6.88400256026381
117,Program,6,71.79503000733307,-4.686672894278066
118,Program,1,64.25353621616253,2.2647727187514226
118,Program,2,63.639126549834124,-2.602707064411529
118,Program,3,58.405440266151516,12.825358051156343
118,Program,4,58.382052165850304,11.590497509696451
118,Program,5,62.11901079809867,9.316531965457663
118,Program,6,67.27676226492964,3.7017655219940186
119,Control,1,45.569782567744355,26.718823062026935
119,Control,2,44.63077859388147,26.853143435377284
119,Control,3,38.87444960911771,27.54924575630796
119,Control,4,41.19741329105443,29.9158818735211
119,Control,5,61.269722518260394,9.518762535851724
119,Control,6,46.206677315966274,23.599828173552716
